scheme_name,Beta,Alpha
Axis Bluechip Direct,0.0030529734717549403,0.06193853334802692
ICICI Pru Bluechip Direct,0.8773839730019581,0.052536760112523596
Kotak Bluechip Direct,0.7166860054001138,0.07987436338373996
Nippon Large Cap Direct,0.9907541067371831,0.037620654405408384
SBI Bluechip Direct,0.02160557619305887,0.0031833714245341673
